provider_stream_id,external_xmltv_id,provider_name
175794,AnimalPlanetPacific.us,USA Animal Planet West
175820,CoziTV.us,USA Cozi TV
175821,CoziTV.us,USA COZI TV LHD
175835,DiscoveryChannelPacific.us,USA Discovery West
175844,EEntertainmentTelevisionPacific.us,USA E! Entertainment West
175851,FoodNetworkPacific.us,USA Food Network West
175855,FreeformPacific.us,USA Freeform West
175881,InfoWars.us,USA InfoWars
175922,RaiItalia.us,USA RAI Italia
175935,Tastemade.us,USA Tastemade
175944,TheFilmDetective.us,USA The Film Detective
175950,TMZ.us,USA TMZ
175954,TNTPacific.us,USA TNT West
175955,TheTravelChannelPacific.us,USA Travel
176012,CinemaxActionPacific.us,USA Cinemax Action West
176017,CinemaxHitsPacific.us,USA Cinemax Hits West
176024,CineMAXPacific.us,USA Cinemax West
176034,FXPacific.us,USA FX West
176041,HBOHits.us,USA HBO Hits East
176056,Paramount+withShowtime.us,USA Paramount+ with SHOWTIME (East)
176064,Paramount+withShowtimePacific.us,USA Paramount+ with SHOWTIME (West)
176145,MLBStrikeZone.us,USA MLB Strike Zone
176250,DisneyChannel.us,USA Disney Channel West LHD
220397,beINSPORTS4.us,USA BeIN Sports 4
220454,WorldFishingNetwork.us,USA WORLD FISHING NETWORK
648323,ABCNewsLive.us,USA ABC News Live
648582,FOXNet.us,USA FoxNET WEST
1034684,WorldPokerTour.us,USA WORLD POKER TOUR
1118837,AltitudeSports.us,USA ALTITUDE SPORTS
1243274,SportsGrid.us,USA SportsGrid
1301541,i24News.us,USA i24 News
1383056,ThisOldHouse.us,USA This Old House
1407439,ElectricNow.us,USA Electric Now
1584578,BonAppetit.us,USA Bonappetit
1584581,ComedyDynamics.us,USA Comedy Dynamics
1585595,INWONDER.us,USA Inwonder
1589691,Revry.us,USA Revry
1589692,RevryNews.us,USA Revry News
1636976,MyTimeMovieNetwork.us,USA MyTime Movie Network
1641703,Gusto.us,USA Gusto
1643405,BilliardTV.us,USA Billiard TV
1643411,PokerGO.us,USA PokerGo+
1702165,HI-YAH.us,USA Hi-YAH!
1777690,CINEVAULTWesterns.us,USA CINEVAULT Westerns
1791099,FOXSOUL.us,USA FOX Soul
1843413,ElReyNetwork.us,USA EL Rey Network FHD
1925765,BounceXL.us,USA Bounce XL
1949249,RepublicTV.us,USA Republic TV
1949251,AMCThrillers.us,USA AMC Thrillers
1962849,AXSTVNOW.us,USA AXS TV Now
1962850,MAVTVSelect.us,USA MAVTV Select
2007315,NBCNewsNow.us,USA NBC News NOW
2115633,BilliardTV.us,USA Billiard TV
2118047,InvestigationDiscoveryPacific.us,USA Investigation Discovery West
2137781,LifetimePacific.us,USA Lifetime West
2181306,History.us,USA History West
2251773,RedbullTV.us,USA Red Bull TV
2305292,MusicChoiceContemporaryChristian.us,USA Music Choice Contemporary Christian
2422037,StoryTelevision.us,USA Story Television
2496068,TheDesignNetwork.us,USA The Design Network
2496554,RecipeTV.us,USA Recipe TV
2506553,LiveNOWfromFOX.us,USA LiveNOW from FOX
2539035,NHRATV.us,USA NHRA TV
2567237,FOXWeather.us,USA FOX Weather
2568708,CatholicTV.us,USA Catholic TV
2614412,MaverickBlackCinema.us,USA Maverick Black Cinema
2619892,CircleCountry.us,USA Circle Country
2644805,NickJr.us,USA NICK JR
2653302,GameShowCentral.us,USA Game Show Central
2667886,GreatAmericanLiving.us,USA Great American Living
2667887,QVC3.us,USA QVC 3
2692399,AMCPacific.us,USA AMC West
2693823,MTVPacific.us,USA MTV West
2700102,HBOHitsPacific.us,USA HBO Hits West
2700104,HBODramaPacific.us,USA HBO Drama West
2730462,TheFirst.us,USA The First
2753576,SPEEDVISION.us,USA SpeedVision
2758167,SpectrumNews1Wisconsin.us,USA Spectrum News 1 Wisconsin
2762696,HorrorMachine.us,USA Horror Machine
2763871,CBSSportsGolazoNetwork.us,USA CBS Sports Golazo Network
2781159,AltitudeSports2.us,USA Altitude Sports 2
2781849,NationalGeographicPacific.us,USA Nat Geo West
2781958,TBSPacific.us,USA TBS West
2796622,RacingAmerica.us,USA Racing America
2801000,SpectrumNews1Worcester.us,USA Spectrum News 1 Worcester
2814392,SpaceCityHomeNetwork.us,USA Space City Home Network
2815995,PFL.us,USA PFL
2819962,YahooFinance.us,USA Yahoo! Finance
2840857,FIFA+.us,USA FIFA+
2843410,HauntTV.us,USA Haunt TV
2843518,CMTPacific.us,USA CMT West
2854525,Newsmax2.us,USA Newsmax 2
2856382,FilmRiseWestern.us,USA Filmrise Western
2878696,FloRacing.us,USA Flo Racing
2882215,SpectrumNews1Dayton.us,USA SPECTRUM NEWS 1 - DAYTON
2882216,SpectrumNews1Dallas-FW.us,USA SPECTRUM NEWS 1 - DALLAS -FT WORTH
2882217,SpectrumNews1Columbus.us,USA SPECTRUM NEWS 1 - COLUMBUS
2882218,SpectrumNews1Cleveland_Akron.us,USA SPECTRUM NEWS 1 - CLEVELAND/AKRON
2882219,SpectrumNews1Cincinnati.us,USA SPECTRUM NEWS 1 - CINCINNATI
2884834,SpectrumOC16.us,USA Spectrum OC16
2884837,SpectrumXCast2.us,USA Spectrum XCast 2
2885148,MusicChoiceEasyListening.us,USA Music Choice | Easy Listening
2892631,ALLBLKGems.us,USA ALLBLK Gems
2900459,TBS.us,USA TBS East
2908944,RewindTV.us,USA Rewind TV
2914455,POWERNATION.us,USA PowerNation
2915488,CuriosityNOW.us,USA Curiosity NOW
2915489,CWForever.us,USA CW Forever
2915490,CWGold.us,USA CW Gold
2915494,FMC.us,USA Family Movie Classics (FMC)
3025716,BETxTylerPerryComedy.us,USA BET x Tyler Perry Comedy
3028395,CINEVAULTClassics.us,USA CINEVAULT Classics
3035973,SpectrumNews13.us,USA Spectrum News 13
3039548,NASCARChannel.us,USA Nascar Channel
3045170,TheWordNetwork.us,USA The Word Network
3050877,ONEChampionshipTV.us,USA One Championship TV
3069444,BETxTylerPerryDrama.us,USA BET x Tyler Perry Drama
3075346,SilverStateSportsAndEntertainmentNetwork.us,USA Silver State Sports & Entertainment Network (SSSEN)
3102514,ScaresbyShudder.us,USA Scares by Shudder
3102515,ScreamboxTV.us,USA ScreamboxTV
3102516,MiramaxMovieChannel.us,USA Miramax Movie Channel
3124015,TCMPacific.us,USA TCM West
3140818,50CentAction.us,USA 50 Cent Action
3144813,GameShowNetworkPacific.us,USA Game Show Network West
3150685,ESPN8TheOcho.us,USA ESPN8: The Ocho
3157120,BlackPix.us,USA BlackPix
3157539,HBOBoxing.us,USA HBO Boxing
3158499,DAZNRingside.us,USA DAZN Ringside
3158500,OuterSphereByLionsgate.us,USA OuterSphere by Lionsgate
3158739,FilmRiseTrueCrime.us,USA FilmRise True Crime
3158740,FilmRiseMysteries.us,USA FilmRise Mysteries
3158831,AandECrime360.us,USA A&E Crime 360
3158871,UniversalMovies.us,USA Universal Movies
3158994,NationalLampoon.us,USA National Lampoon
3160477,Cinevault.us,USA CINEVAULT
3160646,MGMPresents.us,USA MGM Presents
3160857,SwerveCombat.us,USA Swerve Combat
3160996,AtTheMovies.us,USA At the Movies
3161381,NextLevelSports.us,USA Next Level Sports
3165534,365BLK.us,USA 365BLK
3165754,FlixPacific.us,USA Flix West
3165755,FLIX.us,USA Flix East
3166812,ElReyRebel.us,USA El Rey Rebel
3168172,SweetEscapes.us,USA Sweet Escapes
3168304,Nosey.us,USA Nosey
3168407,CBSSportsHQ.us,USA CBS SPORTS HQ
3168408,SamuelGoldwynChannel.us,USA Samuel Goldwyn Channel
3169048,ShadesOfBlack.us,USA Shades of Black
3169049,LOLNetwork.us,USA LOL Network
3185114,WillowSports.us,USA Willow Sports
3195640,WesternBound.us,USA Western Bound
3195641,MGMPresentsAction.us,USA MGM Presents: Action
3195642,MGMPresentsWesterns.us,USA MGM Presents: Westerns
3195644,GritXtra.us,USA Grit Xtra
3195645,MidnightPulp.us,USA Midnight Pulp
3195647,HorrorByAlter.us,USA Horror by Alter
3195648,FilmRiseHorror.us,USA FilmRise Horror
3195649,FilmRiseAction.us,USA FilmRise Action
3195650,ShoutMovies.us,USA Shout! Movies
3204855,FilmRiseComedy.us,USA FilmRise Comedy
3208194,DetroitSportsNet.us,USA Detroit SportsNet
3208878,BravesVision.us,USA BravesVision
3209421,NASA+.us,USA NASA+
3210401,MusicChoiceClassicCountry.us,USA Music Choice Classic Country
3212707,JudgeNosey.us,USA Judge Nosey
3213377,ConfessByNosey.us,USA Confess by Nosey
3213547,MusicChoice80s.us,USA Music Choice '80s
3214227,BowlingTV.us,USA Bowling TV
3224637,MLBBigInning.us,USA MLB Big Inning
3230165,FailArmy.us,USA Fail Army
3231246,POPPacific.us,USA POP West
3241488,BingeTV.us,USA Binge TV
3241490,TVLandSitcoms.us,USA TV Land Sitcoms
3246799,WashingtonNationals.mlb,USA MLB Washington Nationals
3246800,TampaBayRays.mlb,USA MLB Tampa Bay Rays
3246801,MiamiMarlins.mlb,USA MLB Miami Marlins
3246802,ClevelandGuardians.mlb,USA MLB Cleveland Guardians

176012,CinemaxActionPacific.us,Cinemax Action West
1585793,LoneStarClassics.us
2472423,LoneStarClassics.us